Crank anlge,lower ,Crank anlge,upper
3.72173245,0.126068688,-2.09867992,0.417734803
8.108080039,0.148196531,1.667359603,0.410169345
8.482784198,0.117488815,2.46014612,0.428631776
13.32684835,0.14739747,6.963642956,0.402769003
13.52932273,0.123498282,10.49029469,0.391550291
17.31913922,0.141422909,15.1849905,0.398987378
17.07017719,0.1647831,15.1392698,0.381990578
20.9803474,0.173357047,19.09562929,0.369956619
22.26771085,0.141922912,20.44761359,0.383323864
24.85481202,0.168657336,23.82257813,0.361049689
27.31993385,0.150045598,24.83440689,0.378300349
31.38870038,0.153826279,28.62149272,0.359280261
35.78001317,0.164177751,33.80723449,0.351652369
39.00307257,0.243159318,35.54050326,0.340266187
38.9130092,0.209678002,40.20889801,0.351418248
38.6720978,0.188120525,40.16731634,0.335960144
38.6758002,0.163996146,45.47168844,0.343372723
40.16868546,0.14217763,50.24309749,0.341549273
39.68568833,0.15691356,54.47762551,0.346469696
43.3354804,0.238696243,52.96901418,0.334886239
44.03714244,0.208103869,59.29652254,0.400587502
47.55599912,0.229067731,59.03515116,0.379924223
49.35417897,0.201096933,64.57507798,0.410680807
52.26603168,0.243555547,63.73431867,0.389023679
53.56674005,0.205748756,69.3908538,0.421572943
57.33137557,0.242388874,69.0480093,0.402122736
57.01152866,0.222654488,74.4087709,0.425442566
59.91912319,0.266530202,73.38569458,0.406844008
63.80084117,0.281527454,78.24159641,0.442396083
63.71415295,0.249300862,79.55646687,0.423940874
68.81149646,0.274197225,83.02788287,0.446884497
67.84351506,0.254357493,82.48907343,0.428728824
73.85146231,0.277763283,86.48939666,0.470817412
78.90538558,0.286518048,87.91904529,0.497278347
80.55473055,0.304649044,90.13861156,0.486998974
84.02518784,0.319763514,93.03604977,0.509483137
84.85240239,0.287272769,94.54480173,0.49034873
88.93005446,0.319471059,97.36937662,0.520362159
89.04617617,0.295023991,97.93557382,0.504174173
92.08680883,0.341605615,99.44831271,0.542356913
94.01051939,0.359729772,102.248319,0.527819187
96.05548109,0.41442913,101.2265297,0.509226822
96.30238757,0.378713524,104.6338346,0.549437084
99.17793658,0.394983449,106.0942256,0.533753555
100.7767148,0.427009388,108.8360504,0.567005447
103.9407499,0.413213085,110.6107221,0.555224717
102.4831923,0.381377061,113.8609548,0.584657161
105.7781328,0.416245177,113.3103582,0.56429256
109.1786222,0.405348891,117.5972328,0.597681799
110.2757025,0.388178985,118.4464045,0.578076045
115.6390976,0.394284969,122.4227267,0.597075104
120.396669,0.410565901,127.3508892,0.615746276
120.3140073,0.379836172,132.4127606,0.627455775
124.5847399,0.358983795,133.1016487,0.642711423
124.5817781,0.408012428,137.3424359,0.629252942
126.3854445,0.384343272,138.141553,0.64625459
129.7100041,0.387721121,142.4576903,0.649909987
129.8471611,0.353707097,147.7989499,0.666313222
133.9139068,0.505490952,150.8093573,0.686241421
132.3526261,0.406761373,153.6304975,0.672310061
132.8719398,0.373144311,155.8819619,0.693274093
133.5284342,0.430192424,156.9469026,0.737825041
132.8393725,0.361037326,159.641792,0.719627509
135.0722696,0.450386875,158.4210655,0.690831596
137.0611525,0.485453106,161.3708716,0.798310097
136.0945499,0.466125955,161.8126649,0.744632462
138.8004568,0.520026252,162.1791941,0.727886176
141.7866341,0.542113795,164.3029552,0.784253632
141.9673954,0.490308793,162.7332063,0.763836715
143.9766921,0.506248818,166.566763,0.813931485
146.1205,0.538192783,167.6357772,0.837758011
145.8522115,0.480957012,164.7393042,0.744586609
148.8522099,0.505349223,167.8997767,0.793217773
147.9128442,0.524481623,171.1087486,0.817377434
149.8270136,0.4710568,172.6720469,0.843521532
154.0211127,0.500179602,171.9542328,0.828108168
154.474551,0.474455067,177.4005692,0.851866698
159.0542902,0.501222061,175.339179,0.831672344
159.9562531,0.472232776,178.0764558,0.902091757
161.4242545,0.475569404,179.5066451,0.879228388
164.0923401,0.50407585,180.1196217,0.852096635
165.8350562,0.471915295,183.2659613,0.91225066
168.1898539,0.497292794,182.401838,0.892993021
171.0485375,0.483317874,188.1419776,0.920057918
175.5202104,0.502292821,187.924648,0.90605271
175.8956251,0.471849257,189.4018204,0.864900412
180.5472086,0.501038097,192.2329921,0.878476794
180.9406664,0.477302118,192.8216451,0.851747358
185.696113,0.481350489,191.3275225,0.910210163
188.6723223,0.461481276,194.4032343,0.823911574
191.0439451,0.493113525,196.4053887,0.871197422
193.309129,0.466287382,196.3680937,0.857332906
196.0801232,0.478270991,197.1793226,0.733896927
200.653118,0.483911116,195.7032416,0.808511489
202.8509606,0.462273733,196.597016,0.789430881
206.1322228,0.492056916,197.2745147,0.769284858
207.8127537,0.467688857,199.3913267,0.717524154
211.4890721,0.481199152,199.9523919,0.744763025
216.0672709,0.481757802,203.3578921,0.735729485
218.9682516,0.503745659,203.0944739,0.722805566
221.0516022,0.470713157,202.3509861,0.701419442
222.4781981,0.448537808,205.0152477,0.680336195
223.7636121,0.501381495,207.4835952,0.665048654
226.2188912,0.479110697,209.8560864,0.686378426
227.4589899,0.444272848,212.2471239,0.668559817
228.0736591,0.420603692,212.5884567,0.682114567
229.3651692,0.364265855,217.0940795,0.657042101
229.8495809,0.468789492,221.33639,0.64033574
229.3740571,0.405348891,224.4353417,0.651929259
230.3238535,0.39009409,226.8877524,0.633314513
230.2671555,0.45401897,228.730705,0.647861888
233.7120857,0.374641175,231.1808385,0.623678186
231.3420617,0.343603268,235.4811774,0.6072934
238.5683496,0.371735498,239.10055,0.592765018
237.5297056,0.348809271,242.9404122,0.575201766
242.2848089,0.424982183,242.8963624,0.558826152
243.124594,0.395202972,246.2350628,0.545198294
246.8182714,0.43445222,247.967866,0.574116435
246.8440815,0.411353956,249.140982,0.556878857
248.4064742,0.397160167,249.1716874,0.531625897
252.1757747,0.438367941,251.7985221,0.553130785
253.6472688,0.407382864,253.4368319,0.530729774
255.7981671,0.424962207,257.3192378,0.518188297
257.5436493,0.39382996,262.0111757,0.524600124
260.1793473,0.353627851,261.9678247,0.50848426
261.6099437,0.375440969,266.6949626,0.489258426
264.2615689,0.341159858,265.4269787,0.519396689
264.6591886,0.318971057,266.9814925,0.502273953
265.7204562,0.373490225,270.652762,0.471247847
269.3081962,0.347202344,271.9824056,0.491322006
268.4374824,0.278519576,275.6003521,0.469179942
269.6749214,0.313528417,277.2637971,0.482635732
272.01307,0.26188112,279.0876285,0.461200883
272.8206169,0.292914309,280.8726063,0.433957248
272.9346921,0.33532209,283.6207861,0.417792294
272.6706707,0.322173905,285.5631346,0.439845045
276.9395833,0.269819843,288.0594288,0.419400276
277.4527196,0.290574674,290.2503903,0.403831305
280.1767058,0.307480427,293.2874576,0.421298193
282.0348312,0.265097037,295.3947697,0.406981471
282.8331559,0.274992984,297.1556525,0.414267703
284.9292924,0.310465585,301.4098394,0.400726397
286.6822078,0.345848563,303.6338635,0.391488815
286.0774379,0.291028686,306.0519795,0.406404024
285.5739671,0.273867035,308.3401565,0.392847997
290.4451433,0.313854676,309.5503969,0.403578581
291.4743708,0.342295713,313.3264341,0.390622395
293.4869171,0.32544279,318.3673894,0.394556248
295.2357491,0.295555833,323.4129375,0.400197552
294.4861603,0.271901667,323.380762,0.388236218
298.341427,0.260065072,328.4394038,0.398745081
300.3693141,0.294685727,333.49891,0.409575329
302.6053031,0.315127639,338.5568175,0.419811235
305.1529748,0.284702786,342.1493245,0.433074399
310.4950707,0.285225981,345.4645888,0.422264079
310.364822,0.309664968,346.6531411,0.440387034
314.1352791,0.266300169,350.1881049,0.431829068
314.9478503,0.236093242,355.2611436,0.444123528
318.0820288,0.254471645,359.4375439,0.455551023
318.8166629,0.22156486,362.5256846,0.447541733
321.8722028,0.252437671,364.2817068,0.462829029
323.8827568,0.220677014,366.0007908,0.450217377
324.0424606,0.23754608,,
328.3749429,0.204776507,,
332.733434,0.195842898,,
333.3202662,0.173158933,,
337.9629981,0.199057189,,
338.2387309,0.167986263,,
341.7119453,0.186333534,,
343.3815775,0.15920178,,
345.4787285,0.187967977,,
348.6092155,0.156699908,,
352.9901372,0.175272152,,
353.3588016,0.14231914,,
357.0871266,0.168294126,,
357.4937213,0.149441821,,
362.1240134,0.170715523,,
362.0810245,0.154734303,,
362.0243574,0.133668149,,
